{"cameraMode":{"drawMode":0,"name":"Shaded","section":"Shading Mode"},"sceneLighting":false,"audioPlay":false,"sceneViewState":{"showFog":false,"showMaterialUpdate":false,"showSkybox":false,"showFlares":false,"showImageEffects":false,"showParticleSystems":false},"in2DMode":false,"pivot":{"x":27.28437042236328,"y":1.3991658687591553,"z":-1.3036613464355469},"rotation":{"x":-0.1805415153503418,"y":0.21981953084468842,"z":-0.041433773934841159,"w":-0.9577993154525757},"size":5.857965469360352,"orthographic":false}