{"cameraMode":{"drawMode":0,"name":"Shaded","section":"Shading Mode"},"sceneLighting":false,"audioPlay":false,"sceneViewState":{"showFog":false,"showMaterialUpdate":false,"showSkybox":false,"showFlares":false,"showImageEffects":false,"showParticleSystems":false},"in2DMode":false,"pivot":{"x":-1.285698413848877,"y":0.2675970792770386,"z":1.7634072303771973},"rotation":{"x":0.025233818218111993,"y":-0.9259359240531921,"z":0.06288359314203263,"w":0.37155604362487795},"size":5.25385856628418,"orthographic":false}