{"cameraMode":{"drawMode":0,"name":"Shaded","section":"Shading Mode"},"sceneLighting":false,"audioPlay":false,"sceneViewState":{"showFog":false,"showMaterialUpdate":false,"showSkybox":false,"showFlares":false,"showImageEffects":false,"showParticleSystems":false},"in2DMode":false,"pivot":{"x":4.144512176513672,"y":2.172801971435547,"z":3.0328733921051027},"rotation":{"x":-0.023772697895765306,"y":-0.912973940372467,"z":0.053753480315208438,"w":-0.40376633405685427},"size":8.119477272033692,"orthographic":false}