{"cameraMode":{"drawMode":0,"name":"Shaded","section":"Shading Mode"},"sceneLighting":false,"audioPlay":false,"sceneViewState":{"showFog":false,"showMaterialUpdate":false,"showSkybox":false,"showFlares":false,"showImageEffects":false,"showParticleSystems":false},"in2DMode":false,"pivot":{"x":17.387165069580079,"y":2.491913318634033,"z":-5.414508819580078},"rotation":{"x":0.0033675709273666145,"y":0.9966299533843994,"z":-0.057181280106306079,"w":0.05898788571357727},"size":1.2954120635986329,"orthographic":false}