{"cameraMode":{"drawMode":0,"name":"Shaded","section":"Shading Mode"},"sceneLighting":false,"audioPlay":false,"sceneViewState":{"showFog":false,"showMaterialUpdate":false,"showSkybox":false,"showFlares":false,"showImageEffects":false,"showParticleSystems":false},"in2DMode":false,"pivot":{"x":15.026864051818848,"y":1.0089786052703858,"z":6.657464504241943},"rotation":{"x":-0.03808823972940445,"y":0.9617390036582947,"z":0.20165857672691346,"w":0.18158751726150514},"size":0.23602521419525147,"orthographic":false}