{"cameraMode":{"drawMode":0,"name":"Shaded","section":"Shading Mode"},"sceneLighting":false,"audioPlay":false,"sceneViewState":{"showFog":false,"showMaterialUpdate":false,"showSkybox":false,"showFlares":false,"showImageEffects":false,"showParticleSystems":false},"in2DMode":false,"pivot":{"x":-0.010724902153015137,"y":0.7578332424163818,"z":2.2182905673980715},"rotation":{"x":0.012445708736777306,"y":-0.9873712658882141,"z":0.12086957693099976,"w":0.10166756063699722},"size":2.9086780548095705,"orthographic":false}