{"cameraMode":{"drawMode":0,"name":"Shaded","section":"Shading Mode"},"sceneLighting":false,"audioPlay":false,"sceneViewState":{"showFog":false,"showMaterialUpdate":false,"showSkybox":false,"showFlares":false,"showImageEffects":false,"showParticleSystems":false},"in2DMode":false,"pivot":{"x":-0.6252685785293579,"y":-0.007049083709716797,"z":0.1094503402709961},"rotation":{"x":0.052668023854494098,"y":-0.9071257710456848,"z":0.11933533847332001,"w":0.4001806080341339},"size":1.1521892547607422,"orthographic":false}