{"cameraMode":{"drawMode":0,"name":"Shaded","section":"Shading Mode"},"sceneLighting":false,"audioPlay":false,"sceneViewState":{"showFog":false,"showMaterialUpdate":false,"showSkybox":false,"showFlares":false,"showImageEffects":false,"showParticleSystems":false},"in2DMode":false,"pivot":{"x":106.56092834472656,"y":27.307050704956056,"z":136.89608764648438},"rotation":{"x":-0.05839058384299278,"y":-0.1141391471028328,"z":0.006736242212355137,"w":-0.991740345954895},"size":3.3297078609466554,"orthographic":false}