{"cameraMode":{"drawMode":0,"name":"Shaded","section":"Shading Mode"},"sceneLighting":false,"audioPlay":false,"sceneViewState":{"showFog":false,"showMaterialUpdate":false,"showSkybox":false,"showFlares":false,"showImageEffects":false,"showParticleSystems":false},"in2DMode":false,"pivot":{"x":0.000004773028194904327,"y":0.03669804334640503,"z":0.00452306866645813},"rotation":{"x":-0.11220753937959671,"y":-0.8058237433433533,"z":0.16194258630275727,"w":-0.5584550499916077},"size":0.407446026802063,"orthographic":false}