{"cameraMode":{"drawMode":0,"name":"Shaded","section":"Shading Mode"},"sceneLighting":false,"audioPlay":false,"sceneViewState":{"showFog":false,"showMaterialUpdate":false,"showSkybox":false,"showFlares":false,"showImageEffects":false,"showParticleSystems":false},"in2DMode":false,"pivot":{"x":24.202499389648439,"y":-10.16921615600586,"z":37.504642486572269},"rotation":{"x":0.20306777954101563,"y":-0.6712106466293335,"z":0.19902919232845307,"w":0.6845934987068176},"size":49.34226989746094,"orthographic":false}