{"cameraMode":{"drawMode":0,"name":"Shaded","section":"Shading Mode"},"sceneLighting":false,"audioPlay":false,"sceneViewState":{"showFog":false,"showMaterialUpdate":false,"showSkybox":false,"showFlares":false,"showImageEffects":false,"showParticleSystems":false},"in2DMode":false,"pivot":{"x":89.4223861694336,"y":22.382625579833986,"z":135.693359375},"rotation":{"x":0.02890392206609249,"y":-0.5571296215057373,"z":0.01938880980014801,"w":0.8297144174575806},"size":5.945789813995361,"orthographic":false}