{"cameraMode":{"drawMode":0,"name":"Shaded","section":"Shading Mode"},"sceneLighting":false,"audioPlay":false,"sceneViewState":{"showFog":false,"showMaterialUpdate":false,"showSkybox":false,"showFlares":false,"showImageEffects":false,"showParticleSystems":false},"in2DMode":false,"pivot":{"x":-5.177914142608643,"y":-0.8949207067489624,"z":1.151757001876831},"rotation":{"x":0.027269067242741586,"y":-0.8356419801712036,"z":0.041657377034425738,"w":0.5470162630081177},"size":6.280478000640869,"orthographic":false}