{"cameraMode":{"drawMode":0,"name":"Shaded","section":"Shading Mode"},"sceneLighting":false,"audioPlay":false,"sceneViewState":{"showFog":false,"showMaterialUpdate":false,"showSkybox":false,"showFlares":false,"showImageEffects":false,"showParticleSystems":false},"in2DMode":false,"pivot":{"x":2.1440961360931398,"y":-1.4005963802337647,"z":0.6138335466384888},"rotation":{"x":-0.24163353443145753,"y":-0.6589391827583313,"z":0.23705022037029267,"w":-0.6717588901519775},"size":2.9725985527038576,"orthographic":false}