{"cameraMode":{"drawMode":0,"name":"Shaded","section":"Shading Mode"},"sceneLighting":false,"audioPlay":false,"sceneViewState":{"showFog":false,"showMaterialUpdate":false,"showSkybox":false,"showFlares":false,"showImageEffects":false,"showParticleSystems":false},"in2DMode":false,"pivot":{"x":0.0,"y":0.17317438125610352,"z":8.940696716308594e-8},"rotation":{"x":-0.20709975063800813,"y":-0.20255935192108155,"z":0.04389646649360657,"w":-0.9561304450035095},"size":4.301876544952393,"orthographic":false}