{"cameraMode":{"drawMode":0,"name":"Shaded","section":"Shading Mode"},"sceneLighting":false,"audioPlay":false,"sceneViewState":{"showFog":false,"showMaterialUpdate":false,"showSkybox":false,"showFlares":false,"showImageEffects":false,"showParticleSystems":false},"in2DMode":false,"pivot":{"x":1.6499334573745728,"y":-0.7273534536361694,"z":1.4202892780303956},"rotation":{"x":-0.11943971365690232,"y":-0.27953022718429568,"z":0.03509535267949104,"w":-0.9520485401153565},"size":3.0143916606903078,"orthographic":false}