{"cameraMode":{"drawMode":0,"name":"Shaded","section":"Shading Mode"},"sceneLighting":false,"audioPlay":false,"sceneViewState":{"showFog":false,"showMaterialUpdate":false,"showSkybox":false,"showFlares":false,"showImageEffects":false,"showParticleSystems":false},"in2DMode":false,"pivot":{"x":0.0011806488037109376,"y":0.6586370468139648,"z":-0.0000011175870895385743},"rotation":{"x":-0.023772697895765306,"y":-0.912973940372467,"z":0.053753480315208438,"w":-0.40376633405685427},"size":5.678780555725098,"orthographic":false}