{"cameraMode":{"drawMode":0,"name":"Shaded","section":"Shading Mode"},"sceneLighting":false,"audioPlay":false,"sceneViewState":{"showFog":false,"showMaterialUpdate":false,"showSkybox":false,"showFlares":false,"showImageEffects":false,"showParticleSystems":false},"in2DMode":false,"pivot":{"x":-0.4554223120212555,"y":0.17938074469566346,"z":-0.11832356452941895},"rotation":{"x":0.00011820911458926275,"y":0.9984917044639587,"z":0.05516192689538002,"w":-0.002379870507866144},"size":0.8360252380371094,"orthographic":false}