{"cameraMode":{"drawMode":0,"name":"Shaded","section":"Shading Mode"},"sceneLighting":false,"audioPlay":false,"sceneViewState":{"showFog":false,"showMaterialUpdate":false,"showSkybox":false,"showFlares":false,"showImageEffects":false,"showParticleSystems":false},"in2DMode":false,"pivot":{"x":2.709484815597534,"y":-2.8547959327697756,"z":5.152168273925781},"rotation":{"x":-0.006788285449147224,"y":-0.9929110407829285,"z":-0.09530318528413773,"w":0.07072135806083679},"size":1.5659101009368897,"orthographic":false}