{"cameraMode":{"drawMode":0,"name":"Shaded","section":"Shading Mode"},"sceneLighting":false,"audioPlay":false,"sceneViewState":{"showFog":false,"showMaterialUpdate":false,"showSkybox":false,"showFlares":false,"showImageEffects":false,"showParticleSystems":false},"in2DMode":false,"pivot":{"x":0.26899147033691409,"y":0.30866384506225588,"z":-0.27263784408569338},"rotation":{"x":-0.09633217751979828,"y":0.8160709142684937,"z":-0.14243900775909425,"w":-0.5518172383308411},"size":3.8876285552978517,"orthographic":false}