{"cameraMode":{"drawMode":0,"name":"Shaded","section":"Shading Mode"},"sceneLighting":false,"audioPlay":false,"sceneViewState":{"showFog":false,"showMaterialUpdate":false,"showSkybox":false,"showFlares":false,"showImageEffects":false,"showParticleSystems":false},"in2DMode":false,"pivot":{"x":17.67376708984375,"y":8.164958000183106,"z":-4.890496253967285},"rotation":{"x":-0.2084876298904419,"y":0.2567569315433502,"z":-0.056824542582035068,"w":-0.9420138597488403},"size":7.49702262878418,"orthographic":false}