{"cameraMode":{"drawMode":0,"name":"Shaded","section":"Shading Mode"},"sceneLighting":false,"audioPlay":false,"sceneViewState":{"showFog":false,"showMaterialUpdate":false,"showSkybox":false,"showFlares":false,"showImageEffects":false,"showParticleSystems":false},"in2DMode":false,"pivot":{"x":0.10694451630115509,"y":0.9210900068283081,"z":0.06463050842285156},"rotation":{"x":-0.0012378271203488112,"y":0.9986681342124939,"z":-0.04378000274300575,"w":-0.02785193733870983},"size":1.295412302017212,"orthographic":false}