{"cameraMode":{"drawMode":0,"name":"Shaded","section":"Shading Mode"},"sceneLighting":false,"audioPlay":false,"sceneViewState":{"showFog":false,"showMaterialUpdate":false,"showSkybox":false,"showFlares":false,"showImageEffects":false,"showParticleSystems":false},"in2DMode":false,"pivot":{"x":-0.5315091609954834,"y":0.9026950001716614,"z":-0.07921552658081055},"rotation":{"x":-0.002893410623073578,"y":0.9851418733596802,"z":-0.016559429466724397,"w":-0.1710159182548523},"size":1.00850248336792,"orthographic":false}